{
    "loss": 0.09971947222948074,
    "psnr": 16.283153533935547,
    "val_loss": 0.09899049252271652,
    "val_psnr": 16.09391212463379,
    "step": 9
}
