{
    "loss": 0.10571172833442688,
    "psnr": 15.64730453491211,
    "val_loss": 0.10224293172359467,
    "val_psnr": 15.858201026916504,
    "step": 9
}
