step	loss
0	1.5577188730239868
1	0.727780818939209
2	0.376901239156723
3	0.3139156699180603
4	0.2634822428226471
5	0.2542545199394226
6	0.19583381712436676
7	0.1476159393787384
8	0.11411038041114807
9	0.09971947222948074
