step	psnr
0	3.0819344520568848
1	6.759715557098389
2	9.060489654541016
3	10.282853126525879
4	11.280767440795898
5	12.244430541992188
6	13.201385498046875
7	13.506880760192871
8	14.980405807495117
9	15.64730453491211
